gamedetails,gamedetails-href,scoredetails,matchdate,CountryTeam1,Scoredetails,goaldetails
"0 - 3","http://soccerstats.us/games/250554/","36





    
    



Villa 






    

    





    
  
  

    
    
    

    

69





    
    



Torres 






    

    





    
  
  

    
    
    

    

82





    
    



Mata","Monday, June 23, 2014","[{""CountryTeam1"":""Australia""},{""CountryTeam1"":""Spain""}]","[{""Scoredetails"":""36""},{""Scoredetails"":""69""},{""Scoredetails"":""82""}]","[{""goaldetails"":""36""},{""goaldetails"":""Villa""},{""goaldetails"":""69""},{""goaldetails"":""Torres""},{""goaldetails"":""82""},{""goaldetails"":""Mata""}]"
"0 - 2","http://soccerstats.us/games/250555/","77





    
    



Fer 






    

    





    
  
  

    
    
    

    

90





    
    



Memphis","Monday, June 23, 2014","[{""CountryTeam1"":""Chile""},{""CountryTeam1"":""Netherlands""}]","[{""Scoredetails"":""77""},{""Scoredetails"":""90""}]","[{""goaldetails"":""77""},{""goaldetails"":""Fer""},{""goaldetails"":""90""},{""goaldetails"":""Memphis""}]"
"2 - 1","http://soccerstats.us/games/250694/","Thiago Silva 






    

    

7





    
    
    

    





    
  
  

    
    



David Luiz 






    

    

69





    
    
    

    





    
  
  

    
    
    

    

80





    
    



Rodríguez","Friday, July 04, 2014","[{""CountryTeam1"":""Brazil""},{""CountryTeam1"":""Colombia""}]","[{""Scoredetails"":""7""},{""Scoredetails"":""69""},{""Scoredetails"":""80""}]","[{""goaldetails"":""Thiago Silva ""},{""goaldetails"":""7""},{""goaldetails"":""David Luiz ""},{""goaldetails"":""69""},{""goaldetails"":""80""},{""goaldetails"":""Rodríguez""}]"
"1 - 0","http://soccerstats.us/games/250589/","Vertonghen 






    

    

78","Thursday, June 26, 2014","[{""CountryTeam1"":""Belgium""},{""CountryTeam1"":""South Korea""}]","[{""Scoredetails"":""78""}]","[{""goaldetails"":""Vertonghen ""},{""goaldetails"":""78""}]"
"1 - 0","http://soccerstats.us/games/250549/","Orgi 






    

    

88","Sunday, June 22, 2014","[{""CountryTeam1"":""Belgium""},{""CountryTeam1"":""Russia""}]","[{""Scoredetails"":""88""}]","[{""goaldetails"":""Orgi ""},{""goaldetails"":""88""}]"
"2 - 2","http://soccerstats.us/games/250533/","Gotze 






    

    

51





    
    
    

    





    
  
  

    
    
    

    

54





    
    



A. Ayew 






    

    





    
  
  

    
    
    

    

63





    
    



Gyan 






    

    





    
  
  

    
    



Klose 






    

    

71","Saturday, June 21, 2014","[{""CountryTeam1"":""Germany""},{""CountryTeam1"":""Ghana""}]","[{""Scoredetails"":""51""},{""Scoredetails"":""54""},{""Scoredetails"":""63""},{""Scoredetails"":""71""}]","[{""goaldetails"":""Gotze ""},{""goaldetails"":""51""},{""goaldetails"":""54""},{""goaldetails"":""A. Ayew""},{""goaldetails"":""63""},{""goaldetails"":""Gyan""},{""goaldetails"":""Klose ""},{""goaldetails"":""71""}]"
"1 - 2","http://soccerstats.us/games/250463/","1





    
    



Dempsey 






    

    





    
  
  

    
    



A. Ayew 






    

    

82





    
    
    

    





    
  
  

    
    
    

    

86





    
    



Brooks","Monday, June 16, 2014","[{""CountryTeam1"":""Ghana""},{""CountryTeam1"":""United States""}]","[{""Scoredetails"":""1""},{""Scoredetails"":""82""},{""Scoredetails"":""86""}]","[{""goaldetails"":""1""},{""goaldetails"":""Dempsey""},{""goaldetails"":""A. Ayew ""},{""goaldetails"":""82""},{""goaldetails"":""86""},{""goaldetails"":""Brooks""}]"
"2 - 2","http://soccerstats.us/games/250548/","Nani 






    

    

5





    
    
    

    





    
  
  

    
    
    

    

64





    
    



Jones 






    

    





    
  
  

    
    
    

    

81





    
    



Dempsey 






    

    





    
  
  

    
    



Varela 






    

    

90","Sunday, June 22, 2014","[{""CountryTeam1"":""Portugal""},{""CountryTeam1"":""United States""}]","[{""Scoredetails"":""5""},{""Scoredetails"":""64""},{""Scoredetails"":""81""},{""Scoredetails"":""90""}]","[{""goaldetails"":""Nani ""},{""goaldetails"":""5""},{""goaldetails"":""64""},{""goaldetails"":""Jones""},{""goaldetails"":""81""},{""goaldetails"":""Dempsey""},{""goaldetails"":""Varela ""},{""goaldetails"":""90""}]"
"2 - 1","http://soccerstats.us/games/250441/","16





    
    



Honda 






    

    





    
  
  

    
    



Bony 






    

    

64





    
    
    

    





    
  
  

    
    



Gervinho 






    

    

66","Saturday, June 14, 2014","[{""CountryTeam1"":""Côte d'Ivoire""},{""CountryTeam1"":""Japan""}]","[{""Scoredetails"":""16""},{""Scoredetails"":""64""},{""Scoredetails"":""66""}]","[{""goaldetails"":""16""},{""goaldetails"":""Honda""},{""goaldetails"":""Bony ""},{""goaldetails"":""64""},{""goaldetails"":""Gervinho ""},{""goaldetails"":""66""}]"
"5 - 2","http://soccerstats.us/games/250507/","Giroud 






    

    

17





    
    
    

    





    
  
  

    
    



Matuidi 






    

    

18





    
    
    

    





    
  
  

    
    



Valbuena 






    

    

40





    
    
    

    





    
  
  

    
    



Benzema 






    

    

67





    
    
    

    





    
  
  

    
    



Sissoko 






    

    

73





    
    
    

    





    
  
  

    
    
    

    

81





    
    



Dzemaili 






    

    





    
  
  

    
    
    

    

87





    
    



Xhaka","Friday, June 20, 2014","[{""CountryTeam1"":""France""},{""CountryTeam1"":""Switzerland""}]","[{""Scoredetails"":""17""},{""Scoredetails"":""18""},{""Scoredetails"":""40""},{""Scoredetails"":""67""},{""Scoredetails"":""73""},{""Scoredetails"":""81""},{""Scoredetails"":""87""}]","[{""goaldetails"":""Giroud ""},{""goaldetails"":""17""},{""goaldetails"":""Matuidi ""},{""goaldetails"":""18""},{""goaldetails"":""Valbuena ""},{""goaldetails"":""40""},{""goaldetails"":""Benzema ""},{""goaldetails"":""67""},{""goaldetails"":""Sissoko ""},{""goaldetails"":""73""},{""goaldetails"":""81""},{""goaldetails"":""Dzemaili""},{""goaldetails"":""87""},{""goaldetails"":""Xhaka""}]"
"4 - 1","http://soccerstats.us/games/250565/","Cuadrado 






    

    

17





    
    
    

    





    
  
  

    
    
    

    

45





    
    



Okazaki 






    

    





    
  
  

    
    



Martínez 






    

    

55





    
    
    

    





    
  
  

    
    



Martínez 






    

    

82





    
    
    

    





    
  
  

    
    



Rodríguez 






    

    

90","Tuesday, June 24, 2014","[{""CountryTeam1"":""Colombia""},{""CountryTeam1"":""Japan""}]","[{""Scoredetails"":""17""},{""Scoredetails"":""45""},{""Scoredetails"":""55""},{""Scoredetails"":""82""},{""Scoredetails"":""90""}]","[{""goaldetails"":""Cuadrado ""},{""goaldetails"":""17""},{""goaldetails"":""45""},{""goaldetails"":""Okazaki""},{""goaldetails"":""Martínez ""},{""goaldetails"":""55""},{""goaldetails"":""Martínez ""},{""goaldetails"":""82""},{""goaldetails"":""Rodríguez ""},{""goaldetails"":""90""}]"
"3 - 0","http://soccerstats.us/games/250459/","Benzema 






    

    

45





    
    
    

    





    
  
  

    
    



Valladares 


Own Goal





    

    

48





    
    
    

    





    
  
  

    
    



Benzema 






    

    

72","Sunday, June 15, 2014","[{""CountryTeam1"":""France""},{""CountryTeam1"":""Honduras""}]","[{""Scoredetails"":""45""},{""Scoredetails"":""48""},{""Scoredetails"":""72""}]","[{""goaldetails"":""Benzema ""},{""goaldetails"":""45""},{""goaldetails"":""Valladares ""},{""goaldetails"":""Own Goal""},{""goaldetails"":""48""},{""goaldetails"":""Benzema ""},{""goaldetails"":""72""}]"
"1 - 3","http://soccerstats.us/games/250415/","12





    
    



Sanchez 






    

    





    
  
  

    
    
    

    

14





    
    



Valdivia 






    

    





    
  
  

    
    



Cahill 






    

    

35





    
    
    

    





    
  
  

    
    
    

    

90





    
    



Beausejour","Friday, June 13, 2014","[{""CountryTeam1"":""Australia""},{""CountryTeam1"":""Chile""}]","[{""Scoredetails"":""12""},{""Scoredetails"":""14""},{""Scoredetails"":""35""},{""Scoredetails"":""90""}]","[{""goaldetails"":""12""},{""goaldetails"":""Sanchez""},{""goaldetails"":""14""},{""goaldetails"":""Valdivia""},{""goaldetails"":""Cahill ""},{""goaldetails"":""35""},{""goaldetails"":""90""},{""goaldetails"":""Beausejour""}]"
"0 - 1","http://soccerstats.us/games/250413/","61





    
    



Peralta","Friday, June 13, 2014","[{""CountryTeam1"":""Cameroon""},{""CountryTeam1"":""Mexico""}]","[{""Scoredetails"":""61""}]","[{""goaldetails"":""61""},{""goaldetails"":""Peralta""}]"
"2 - 0","http://soccerstats.us/games/250652/","Pogba 






    

    

79





    
    
    

    





    
  
  

    
    



Yobo 


Own Goal





    

    

90","Monday, June 30, 2014","[{""CountryTeam1"":""France""},{""CountryTeam1"":""Nigeria""}]","[{""Scoredetails"":""79""},{""Scoredetails"":""90""}]","[{""goaldetails"":""Pogba ""},{""goaldetails"":""79""},{""goaldetails"":""Yobo ""},{""goaldetails"":""Own Goal""},{""goaldetails"":""90""}]"
"4 - 1","http://soccerstats.us/games/250552/","Neymar 






    

    

17





    
    
    

    





    
  
  

    
    
    

    

26





    
    



Matip 






    

    





    
  
  

    
    



Neymar 






    

    

35





    
    
    

    





    
  
  

    
    



Fred 






    

    

49





    
    
    

    





    
  
  

    
    



Fernandinho 






    

    

84","Monday, June 23, 2014","[{""CountryTeam1"":""Brazil""},{""CountryTeam1"":""Cameroon""}]","[{""Scoredetails"":""17""},{""Scoredetails"":""26""},{""Scoredetails"":""35""},{""Scoredetails"":""49""},{""Scoredetails"":""84""}]","[{""goaldetails"":""Neymar ""},{""goaldetails"":""17""},{""goaldetails"":""26""},{""goaldetails"":""Matip""},{""goaldetails"":""Neymar ""},{""goaldetails"":""35""},{""goaldetails"":""Fred ""},{""goaldetails"":""49""},{""goaldetails"":""Fernandinho ""},{""goaldetails"":""84""}]"
"1 - 2","http://soccerstats.us/games/250444/","35





    
    



Marchisio 






    

    





    
  
  

    
    



Sturridge 






    

    

37





    
    
    

    





    
  
  

    
    
    

    

50





    
    



Balotelli","Saturday, June 14, 2014","[{""CountryTeam1"":""England""},{""CountryTeam1"":""Italy""}]","[{""Scoredetails"":""35""},{""Scoredetails"":""37""},{""Scoredetails"":""50""}]","[{""goaldetails"":""35""},{""goaldetails"":""Marchisio""},{""goaldetails"":""Sturridge ""},{""goaldetails"":""37""},{""goaldetails"":""50""},{""goaldetails"":""Balotelli""}]"
"0 - 0","http://soccerstats.us/games/250461/","","Monday, June 16, 2014","[{""CountryTeam1"":""Iran""},{""CountryTeam1"":""Nigeria""}]","[]","[]"
"0 - 3","http://soccerstats.us/games/250804/","3





    
    



Van Persie 






    

    





    
  
  

    
    
    

    

17





    
    



Blind 






    

    





    
  
  

    
    
    

    

90





    
    



Wijnaldum","Saturday, July 12, 2014","[{""CountryTeam1"":""Brazil""},{""CountryTeam1"":""Netherlands""}]","[{""Scoredetails"":""3""},{""Scoredetails"":""17""},{""Scoredetails"":""90""}]","[{""goaldetails"":""3""},{""goaldetails"":""Van Persie""},{""goaldetails"":""17""},{""goaldetails"":""Blind""},{""goaldetails"":""90""},{""goaldetails"":""Wijnaldum""}]"
"1 - 1","http://soccerstats.us/games/250474/","68





    
    



Lee Keun-Ho 






    

    





    
  
  

    
    



Kerzhakov 






    

    

74","Tuesday, June 17, 2014","[{""CountryTeam1"":""Russia""},{""CountryTeam1"":""South Korea""}]","[{""Scoredetails"":""68""},{""Scoredetails"":""74""}]","[{""goaldetails"":""68""},{""goaldetails"":""Lee Keun-Ho""},{""goaldetails"":""Kerzhakov ""},{""goaldetails"":""74""}]"
"1 - 2","http://soccerstats.us/games/250653/","92





    
    



Schurrle 






    

    





    
  
  

    
    



Djabou 






    

    

120





    
    
    

    





    
  
  

    
    
    

    

120





    
    



Ozil","Monday, June 30, 2014","[{""CountryTeam1"":""Algeria""},{""CountryTeam1"":""Germany""}]","[{""Scoredetails"":""92""},{""Scoredetails"":""120""},{""Scoredetails"":""120""}]","[{""goaldetails"":""92""},{""goaldetails"":""Schurrle""},{""goaldetails"":""Djabou ""},{""goaldetails"":""120""},{""goaldetails"":""120""},{""goaldetails"":""Ozil""}]"
"0 - 0","http://soccerstats.us/games/250717/","","Saturday, July 05, 2014","[{""CountryTeam1"":""Costa Rica""},{""CountryTeam1"":""Netherlands""}]","[]","[]"
"1 - 2","http://soccerstats.us/games/250494/","39





    
    



Suarez 






    

    





    
  
  

    
    



Rooney 






    

    

75





    
    
    

    





    
  
  

    
    
    

    

85





    
    



Suarez","Thursday, June 19, 2014","[{""CountryTeam1"":""England""},{""CountryTeam1"":""Uruguay""}]","[{""Scoredetails"":""39""},{""Scoredetails"":""75""},{""Scoredetails"":""85""}]","[{""goaldetails"":""39""},{""goaldetails"":""Suarez""},{""goaldetails"":""Rooney ""},{""goaldetails"":""75""},{""goaldetails"":""85""},{""goaldetails"":""Suarez""}]"
"0 - 0","http://soccerstats.us/games/250568/","","Tuesday, June 24, 2014","[{""CountryTeam1"":""Costa Rica""},{""CountryTeam1"":""England""}]","[]","[]"
"5 - 1","http://soccerstats.us/games/250414/","27





    
    



Alonso 






    

    





    
  
  

    
    



Van Persie 






    

    

44





    
    
    

    





    
  
  

    
    



Robben 






    

    

53





    
    
    

    





    
  
  

    
    



De Vrij 






    

    

65





    
    
    

    





    
  
  

    
    



Van Persie 






    

    

72





    
    
    

    





    
  
  

    
    



Robben 






    

    

80","Friday, June 13, 2014","[{""CountryTeam1"":""Netherlands""},{""CountryTeam1"":""Spain""}]","[{""Scoredetails"":""27""},{""Scoredetails"":""44""},{""Scoredetails"":""53""},{""Scoredetails"":""65""},{""Scoredetails"":""72""},{""Scoredetails"":""80""}]","[{""goaldetails"":""27""},{""goaldetails"":""Alonso""},{""goaldetails"":""Van Persie ""},{""goaldetails"":""44""},{""goaldetails"":""Robben ""},{""goaldetails"":""53""},{""goaldetails"":""De Vrij ""},{""goaldetails"":""65""},{""goaldetails"":""Van Persie ""},{""goaldetails"":""72""},{""goaldetails"":""Robben ""},{""goaldetails"":""80""}]"
"1 - 0","http://soccerstats.us/games/250531/","Messi 






    

    

90","Saturday, June 21, 2014","[{""CountryTeam1"":""Argentina""},{""CountryTeam1"":""Iran""}]","[{""Scoredetails"":""90""}]","[{""goaldetails"":""Messi ""},{""goaldetails"":""90""}]"
"1 - 2","http://soccerstats.us/games/250473/","Feghouli 






    

    

25





    
    
    

    





    
  
  

    
    
    

    

70





    
    



Fellaini 






    

    





    
  
  

    
    
    

    

80





    
    



Mertens","Tuesday, June 17, 2014","[{""CountryTeam1"":""Algeria""},{""CountryTeam1"":""Belgium""}]","[{""Scoredetails"":""25""},{""Scoredetails"":""70""},{""Scoredetails"":""80""}]","[{""goaldetails"":""Feghouli ""},{""goaldetails"":""25""},{""goaldetails"":""70""},{""goaldetails"":""Fellaini""},{""goaldetails"":""80""},{""goaldetails"":""Mertens""}]"
"3 - 1","http://soccerstats.us/games/250403/","11





    
    



Marcelo 


Own Goal





    

    





    
  
  

    
    



Neymar 






    

    

29





    
    
    

    





    
  
  

    
    



Neymar 






    

    

71





    
    
    

    





    
  
  

    
    



Oscar 






    

    

90","Thursday, June 12, 2014","[{""CountryTeam1"":""Brazil""},{""CountryTeam1"":""Croatia""}]","[{""Scoredetails"":""11""},{""Scoredetails"":""29""},{""Scoredetails"":""71""},{""Scoredetails"":""90""}]","[{""goaldetails"":""11""},{""goaldetails"":""Marcelo""},{""goaldetails"":""Neymar ""},{""goaldetails"":""29""},{""goaldetails"":""Neymar ""},{""goaldetails"":""71""},{""goaldetails"":""Oscar ""},{""goaldetails"":""90""}]"
"0 - 1","http://soccerstats.us/games/250693/","13





    
    



Hummels","Friday, July 04, 2014","[{""CountryTeam1"":""France""},{""CountryTeam1"":""Germany""}]","[{""Scoredetails"":""13""}]","[{""goaldetails"":""13""},{""goaldetails"":""Hummels""}]"
"0 - 1","http://soccerstats.us/games/250567/","81





    
    



Godín","Tuesday, June 24, 2014","[{""CountryTeam1"":""Italy""},{""CountryTeam1"":""Uruguay""}]","[{""Scoredetails"":""81""}]","[{""goaldetails"":""81""},{""goaldetails"":""Godín""}]"
"1 - 2","http://soccerstats.us/games/250566/","42





    
    



Samaris 






    

    





    
  
  

    
    



Bony 






    

    

74





    
    
    

    





    
  
  

    
    
    

    

90





    
    



Samaras","Tuesday, June 24, 2014","[{""CountryTeam1"":""Côte d'Ivoire""},{""CountryTeam1"":""Greece""}]","[{""Scoredetails"":""42""},{""Scoredetails"":""74""},{""Scoredetails"":""90""}]","[{""goaldetails"":""42""},{""goaldetails"":""Samaris""},{""goaldetails"":""Bony ""},{""goaldetails"":""74""},{""goaldetails"":""90""},{""goaldetails"":""Samaras""}]"
"0 - 0","http://soccerstats.us/games/250493/","","Thursday, June 19, 2014","[{""CountryTeam1"":""Greece""},{""CountryTeam1"":""Japan""}]","[]","[]"
"3 - 1","http://soccerstats.us/games/250443/","24





    
    



Cavani 






    

    





    
  
  

    
    



Campbell 






    

    

54





    
    
    

    





    
  
  

    
    



Duarte 






    

    

57





    
    
    

    





    
  
  

    
    



Urena 






    

    

84","Saturday, June 14, 2014","[{""CountryTeam1"":""Costa Rica""},{""CountryTeam1"":""Uruguay""}]","[{""Scoredetails"":""24""},{""Scoredetails"":""54""},{""Scoredetails"":""57""},{""Scoredetails"":""84""}]","[{""goaldetails"":""24""},{""goaldetails"":""Cavani""},{""goaldetails"":""Campbell ""},{""goaldetails"":""54""},{""goaldetails"":""Duarte ""},{""goaldetails"":""57""},{""goaldetails"":""Urena ""},{""goaldetails"":""84""}]"
"0 - 0","http://soccerstats.us/games/250579/","","Wednesday, June 25, 2014","[{""CountryTeam1"":""Ecuador""},{""CountryTeam1"":""France""}]","[]","[]"
"4 - 2","http://soccerstats.us/games/250550/","Slimani 






    

    

26





    
    
    

    





    
  
  

    
    



Halliche 






    

    

28





    
    
    

    





    
  
  

    
    



Djabou 






    

    

38





    
    
    

    





    
  
  

    
    
    

    

50





    
    



Son Heung-min 






    

    





    
  
  

    
    



Brahimi 






    

    

62





    
    
    

    





    
  
  

    
    
    

    

72





    
    



Koo Ja-cheol","Sunday, June 22, 2014","[{""CountryTeam1"":""Algeria""},{""CountryTeam1"":""South Korea""}]","[{""Scoredetails"":""26""},{""Scoredetails"":""28""},{""Scoredetails"":""38""},{""Scoredetails"":""50""},{""Scoredetails"":""62""},{""Scoredetails"":""72""}]","[{""goaldetails"":""Slimani ""},{""goaldetails"":""26""},{""goaldetails"":""Halliche ""},{""goaldetails"":""28""},{""goaldetails"":""Djabou ""},{""goaldetails"":""38""},{""goaldetails"":""50""},{""goaldetails"":""Son Heung-min""},{""goaldetails"":""Brahimi ""},{""goaldetails"":""62""},{""goaldetails"":""72""},{""goaldetails"":""Koo Ja-cheol""}]"
"2 - 0","http://soccerstats.us/games/250487/","Vargas 






    

    

20





    
    
    

    





    
  
  

    
    



Aranguiz 






    

    

43","Wednesday, June 18, 2014","[{""CountryTeam1"":""Chile""},{""CountryTeam1"":""Spain""}]","[{""Scoredetails"":""20""},{""Scoredetails"":""43""}]","[{""goaldetails"":""Vargas ""},{""goaldetails"":""20""},{""goaldetails"":""Aranguiz ""},{""goaldetails"":""43""}]"
"1 - 2","http://soccerstats.us/games/250588/","31





    
    



Boye 


Own Goal





    

    





    
  
  

    
    



Gyan 






    

    

57





    
    
    

    





    
  
  

    
    
    

    

80





    
    



Ronaldo","Thursday, June 26, 2014","[{""CountryTeam1"":""Ghana""},{""CountryTeam1"":""Portugal""}]","[{""Scoredetails"":""31""},{""Scoredetails"":""57""},{""Scoredetails"":""80""}]","[{""goaldetails"":""31""},{""goaldetails"":""Boye""},{""goaldetails"":""Gyan ""},{""goaldetails"":""57""},{""goaldetails"":""80""},{""goaldetails"":""Ronaldo""}]"
"2 - 0","http://soccerstats.us/games/250636/","Rodríguez 






    

    

28





    
    
    

    





    
  
  

    
    



Rodríguez 






    

    

50","Saturday, June 28, 2014","[{""CountryTeam1"":""Colombia""},{""CountryTeam1"":""Uruguay""}]","[{""Scoredetails"":""28""},{""Scoredetails"":""50""}]","[{""goaldetails"":""Rodríguez ""},{""goaldetails"":""28""},{""goaldetails"":""Rodríguez ""},{""goaldetails"":""50""}]"
"3 - 1","http://soccerstats.us/games/250581/","Dzeko 






    

    

23





    
    
    

    





    
  
  

    
    



Pjanic 






    

    

59





    
    
    

    





    
  
  

    
    
    

    

82





    
    



Ghoochannejhad 






    

    





    
  
  

    
    



Vrsajevic 






    

    

83","Wednesday, June 25, 2014","[{""CountryTeam1"":""Bosnia and Herzegovina""},{""CountryTeam1"":""Iran""}]","[{""Scoredetails"":""23""},{""Scoredetails"":""59""},{""Scoredetails"":""82""},{""Scoredetails"":""83""}]","[{""goaldetails"":""Dzeko ""},{""goaldetails"":""23""},{""goaldetails"":""Pjanic ""},{""goaldetails"":""59""},{""goaldetails"":""82""},{""goaldetails"":""Ghoochannejhad""},{""goaldetails"":""Vrsajevic ""},{""goaldetails"":""83""}]"
"1 - 0","http://soccerstats.us/games/250506/","Ruiz 






    

    

44","Friday, June 20, 2014","[{""CountryTeam1"":""Costa Rica""},{""CountryTeam1"":""Italy""}]","[{""Scoredetails"":""44""}]","[{""goaldetails"":""Ruiz ""},{""goaldetails"":""44""}]"
"0 - 1","http://soccerstats.us/games/250532/","29





    
    



Odemwingie","Saturday, June 21, 2014","[{""CountryTeam1"":""Bosnia and Herzegovina""},{""CountryTeam1"":""Nigeria""}]","[{""Scoredetails"":""29""}]","[{""goaldetails"":""29""},{""goaldetails"":""Odemwingie""}]"
"1 - 3","http://soccerstats.us/games/250553/","72





    
    



Marquez 






    

    





    
  
  

    
    
    

    

75





    
    



Guardado 






    

    





    
  
  

    
    
    

    

82





    
    



Hernandez 






    

    





    
  
  

    
    



Perisic 






    

    

87","Monday, June 23, 2014","[{""CountryTeam1"":""Croatia""},{""CountryTeam1"":""Mexico""}]","[{""Scoredetails"":""72""},{""Scoredetails"":""75""},{""Scoredetails"":""82""},{""Scoredetails"":""87""}]","[{""goaldetails"":""72""},{""goaldetails"":""Marquez""},{""goaldetails"":""75""},{""goaldetails"":""Guardado""},{""goaldetails"":""82""},{""goaldetails"":""Hernandez""},{""goaldetails"":""Perisic ""},{""goaldetails"":""87""}]"
"2 - 1","http://soccerstats.us/games/250492/","Rodríguez 






    

    

64





    
    
    

    





    
  
  

    
    



Quintero 






    

    

70





    
    
    

    





    
  
  

    
    
    

    

73





    
    



Gervinho","Thursday, June 19, 2014","[{""CountryTeam1"":""Colombia""},{""CountryTeam1"":""Côte d'Ivoire""}]","[{""Scoredetails"":""64""},{""Scoredetails"":""70""},{""Scoredetails"":""73""}]","[{""goaldetails"":""Rodríguez ""},{""goaldetails"":""64""},{""goaldetails"":""Quintero ""},{""goaldetails"":""70""},{""goaldetails"":""73""},{""goaldetails"":""Gervinho""}]"
"1 - 0","http://soccerstats.us/games/250660/","Di Maria 






    

    

118","Tuesday, July 01, 2014","[{""CountryTeam1"":""Argentina""},{""CountryTeam1"":""Switzerland""}]","[{""Scoredetails"":""118""}]","[{""goaldetails"":""Di Maria ""},{""goaldetails"":""118""}]"
"0 - 4","http://soccerstats.us/games/250486/","11





    
    



Olic 






    

    





    
  
  

    
    
    

    

48





    
    



Perisic 






    

    





    
  
  

    
    
    

    

61





    
    



Mandzukic 






    

    





    
  
  

    
    
    

    

73





    
    



Mandzukic","Wednesday, June 18, 2014","[{""CountryTeam1"":""Cameroon""},{""CountryTeam1"":""Croatia""}]","[{""Scoredetails"":""11""},{""Scoredetails"":""48""},{""Scoredetails"":""61""},{""Scoredetails"":""73""}]","[{""goaldetails"":""11""},{""goaldetails"":""Olic""},{""goaldetails"":""48""},{""goaldetails"":""Perisic""},{""goaldetails"":""61""},{""goaldetails"":""Mandzukic""},{""goaldetails"":""73""},{""goaldetails"":""Mandzukic""}]"
"2 - 1","http://soccerstats.us/games/250460/","Kolasinac 


Own Goal





    

    

3





    
    
    

    





    
  
  

    
    



Messi 






    

    

65





    
    
    

    





    
  
  

    
    
    

    

84





    
    



Ibisevic","Sunday, June 15, 2014","[{""CountryTeam1"":""Argentina""},{""CountryTeam1"":""Bosnia and Herzegovina""}]","[{""Scoredetails"":""3""},{""Scoredetails"":""65""},{""Scoredetails"":""84""}]","[{""goaldetails"":""Kolasinac ""},{""goaldetails"":""Own Goal""},{""goaldetails"":""3""},{""goaldetails"":""Messi ""},{""goaldetails"":""65""},{""goaldetails"":""84""},{""goaldetails"":""Ibisevic""}]"
"1 - 2","http://soccerstats.us/games/250649/","dos Santos 






    

    

48





    
    
    

    





    
  
  

    
    
    

    

88





    
    



Sneijder 






    

    





    
  
  

    
    
    

    

90





    
    



Huntelaar","Sunday, June 29, 2014","[{""CountryTeam1"":""Mexico""},{""CountryTeam1"":""Netherlands""}]","[{""Scoredetails"":""48""},{""Scoredetails"":""88""},{""Scoredetails"":""90""}]","[{""goaldetails"":""dos Santos ""},{""goaldetails"":""48""},{""goaldetails"":""88""},{""goaldetails"":""Sneijder""},{""goaldetails"":""90""},{""goaldetails"":""Huntelaar""}]"
"0 - 3","http://soccerstats.us/games/250578/","6





    
    



Shaqiri 






    

    





    
  
  

    
    
    

    

31





    
    



Shaqiri 






    

    





    
  
  

    
    
    

    

71





    
    



Shaqiri","Wednesday, June 25, 2014","[{""CountryTeam1"":""Honduras""},{""CountryTeam1"":""Switzerland""}]","[{""Scoredetails"":""6""},{""Scoredetails"":""31""},{""Scoredetails"":""71""}]","[{""goaldetails"":""6""},{""goaldetails"":""Shaqiri""},{""goaldetails"":""31""},{""goaldetails"":""Shaqiri""},{""goaldetails"":""71""},{""goaldetails"":""Shaqiri""}]"
"1 - 1","http://soccerstats.us/games/250650/","Ruiz 






    

    

52





    
    
    

    





    
  
  

    
    
    

    

90





    
    



Papasthathopoulos","Sunday, June 29, 2014","[{""CountryTeam1"":""Costa Rica""},{""CountryTeam1"":""Greece""}]","[{""Scoredetails"":""52""},{""Scoredetails"":""90""}]","[{""goaldetails"":""Ruiz ""},{""goaldetails"":""52""},{""goaldetails"":""90""},{""goaldetails"":""Papasthathopoulos""}]"
"1 - 7","http://soccerstats.us/games/250739/","11





    
    



Müller 






    

    





    
  
  

    
    
    

    

23





    
    



Klose 






    

    





    
  
  

    
    
    

    

24





    
    



Kroos 






    

    





    
  
  

    
    
    

    

26





    
    



Kroos 






    

    





    
  
  

    
    
    

    

29





    
    



Khedira 






    

    





    
  
  

    
    
    

    

69





    
    



Schurrle 






    

    





    
  
  

    
    
    

    

79





    
    



Schurrle 






    

    





    
  
  

    
    



Oscar 






    

    

90","Tuesday, July 08, 2014","[{""CountryTeam1"":""Brazil""},{""CountryTeam1"":""Germany""}]","[{""Scoredetails"":""11""},{""Scoredetails"":""23""},{""Scoredetails"":""24""},{""Scoredetails"":""26""},{""Scoredetails"":""29""},{""Scoredetails"":""69""},{""Scoredetails"":""79""},{""Scoredetails"":""90""}]","[{""goaldetails"":""11""},{""goaldetails"":""Müller""},{""goaldetails"":""23""},{""goaldetails"":""Klose""},{""goaldetails"":""24""},{""goaldetails"":""Kroos""},{""goaldetails"":""26""},{""goaldetails"":""Kroos""},{""goaldetails"":""29""},{""goaldetails"":""Khedira""},{""goaldetails"":""69""},{""goaldetails"":""Schurrle""},{""goaldetails"":""79""},{""goaldetails"":""Schurrle""},{""goaldetails"":""Oscar ""},{""goaldetails"":""90""}]"
"0 - 0","http://soccerstats.us/games/250472/","","Tuesday, June 17, 2014","[{""CountryTeam1"":""Brazil""},{""CountryTeam1"":""Mexico""}]","[]","[]"
"4 - 0","http://soccerstats.us/games/250462/","Müller 






    

    

12





    
    
    

    





    
  
  

    
    



Hummels 






    

    

32





    
    
    

    





    
  
  

    
    



Müller 






    

    

45





    
    
    

    





    
  
  

    
    



Müller 






    

    

78","Monday, June 16, 2014","[{""CountryTeam1"":""Germany""},{""CountryTeam1"":""Portugal""}]","[{""Scoredetails"":""12""},{""Scoredetails"":""32""},{""Scoredetails"":""45""},{""Scoredetails"":""78""}]","[{""goaldetails"":""Müller ""},{""goaldetails"":""12""},{""goaldetails"":""Hummels ""},{""goaldetails"":""32""},{""goaldetails"":""Müller ""},{""goaldetails"":""45""},{""goaldetails"":""Müller ""},{""goaldetails"":""78""}]"
"1 - 1","http://soccerstats.us/games/250635/","David Luiz 






    

    

18





    
    
    

    





    
  
  

    
    
    

    

32





    
    



Sanchez","Saturday, June 28, 2014","[{""CountryTeam1"":""Brazil""},{""CountryTeam1"":""Chile""}]","[{""Scoredetails"":""18""},{""Scoredetails"":""32""}]","[{""goaldetails"":""David Luiz ""},{""goaldetails"":""18""},{""goaldetails"":""32""},{""goaldetails"":""Sanchez""}]"
"2 - 1","http://soccerstats.us/games/250508/","31





    
    



Costly 






    

    





    
  
  

    
    



E. Valencia 






    

    

34





    
    
    

    





    
  
  

    
    



E. Valencia 






    

    

65","Friday, June 20, 2014","[{""CountryTeam1"":""Ecuador""},{""CountryTeam1"":""Honduras""}]","[{""Scoredetails"":""31""},{""Scoredetails"":""34""},{""Scoredetails"":""65""}]","[{""goaldetails"":""31""},{""goaldetails"":""Costly""},{""goaldetails"":""E. Valencia ""},{""goaldetails"":""34""},{""goaldetails"":""E. Valencia ""},{""goaldetails"":""65""}]"
"2 - 3","http://soccerstats.us/games/250488/","20





    
    



Robben 






    

    





    
  
  

    
    



Cahill 






    

    

21





    
    
    

    





    
  
  

    
    



Jedinak 






    

    

54





    
    
    

    





    
  
  

    
    
    

    

58





    
    



Van Persie 






    

    





    
  
  

    
    
    

    

68





    
    



Memphis","Wednesday, June 18, 2014","[{""CountryTeam1"":""Australia""},{""CountryTeam1"":""Netherlands""}]","[{""Scoredetails"":""20""},{""Scoredetails"":""21""},{""Scoredetails"":""54""},{""Scoredetails"":""58""},{""Scoredetails"":""68""}]","[{""goaldetails"":""20""},{""goaldetails"":""Robben""},{""goaldetails"":""Cahill ""},{""goaldetails"":""21""},{""goaldetails"":""Jedinak ""},{""goaldetails"":""54""},{""goaldetails"":""58""},{""goaldetails"":""Van Persie""},{""goaldetails"":""68""},{""goaldetails"":""Memphis""}]"
"2 - 1","http://soccerstats.us/games/250661/","De Bruyne 






    

    

93





    
    
    

    





    
  
  

    
    



Lukaku 






    

    

105





    
    
    

    





    
  
  

    
    
    

    

107





    
    



Green","Tuesday, July 01, 2014","[{""CountryTeam1"":""Belgium""},{""CountryTeam1"":""United States""}]","[{""Scoredetails"":""93""},{""Scoredetails"":""105""},{""Scoredetails"":""107""}]","[{""goaldetails"":""De Bruyne ""},{""goaldetails"":""93""},{""goaldetails"":""Lukaku ""},{""goaldetails"":""105""},{""goaldetails"":""107""},{""goaldetails"":""Green""}]"
"3 - 0","http://soccerstats.us/games/250442/","Armero 






    

    

5





    
    
    

    





    
  
  

    
    



Gutiérrez 






    

    

58





    
    
    

    





    
  
  

    
    



Rodríguez 






    

    

90","Saturday, June 14, 2014","[{""CountryTeam1"":""Colombia""},{""CountryTeam1"":""Greece""}]","[{""Scoredetails"":""5""},{""Scoredetails"":""58""},{""Scoredetails"":""90""}]","[{""goaldetails"":""Armero ""},{""goaldetails"":""5""},{""goaldetails"":""Gutiérrez ""},{""goaldetails"":""58""},{""goaldetails"":""Rodríguez ""},{""goaldetails"":""90""}]"
"1 - 2","http://soccerstats.us/games/250458/","E. Valencia 






    

    

22





    
    
    

    





    
  
  

    
    
    

    

48





    
    



Mehmedi 






    

    





    
  
  

    
    
    

    

90





    
    



Seferovic","Sunday, June 15, 2014","[{""CountryTeam1"":""Ecuador""},{""CountryTeam1"":""Switzerland""}]","[{""Scoredetails"":""22""},{""Scoredetails"":""48""},{""Scoredetails"":""90""}]","[{""goaldetails"":""E. Valencia ""},{""goaldetails"":""22""},{""goaldetails"":""48""},{""goaldetails"":""Mehmedi""},{""goaldetails"":""90""},{""goaldetails"":""Seferovic""}]"
"0 - 0","http://soccerstats.us/games/250752/","","Wednesday, July 09, 2014","[{""CountryTeam1"":""Argentina""},{""CountryTeam1"":""Netherlands""}]","[]","[]"
"1 - 0","http://soccerstats.us/games/250587/","Müller 






    

    

55","Thursday, June 26, 2014","[{""CountryTeam1"":""Germany""},{""CountryTeam1"":""United States""}]","[{""Scoredetails"":""55""}]","[{""goaldetails"":""Müller ""},{""goaldetails"":""55""}]"
"1 - 1","http://soccerstats.us/games/250590/","6





    
    



Kokorin 






    

    





    
  
  

    
    



Slimani 






    

    

60","Thursday, June 26, 2014","[{""CountryTeam1"":""Algeria""},{""CountryTeam1"":""Russia""}]","[{""Scoredetails"":""6""},{""Scoredetails"":""60""}]","[{""goaldetails"":""6""},{""goaldetails"":""Kokorin""},{""goaldetails"":""Slimani ""},{""goaldetails"":""60""}]"
"1 - 0","http://soccerstats.us/games/250716/","Higuaín 






    

    

8","Saturday, July 05, 2014","[{""CountryTeam1"":""Argentina""},{""CountryTeam1"":""Belgium""}]","[{""Scoredetails"":""8""}]","[{""goaldetails"":""Higuaín ""},{""goaldetails"":""8""}]"
"0 - 1","http://soccerstats.us/games/250816/","113





    
    



Gotze","Sunday, July 13, 2014","[{""CountryTeam1"":""Argentina""},{""CountryTeam1"":""Germany""}]","[{""Scoredetails"":""113""}]","[{""goaldetails"":""113""},{""goaldetails"":""Gotze""}]"
"3 - 2","http://soccerstats.us/games/250580/","Messi 






    

    

3





    
    
    

    





    
  
  

    
    
    

    

4





    
    



Musa 






    

    





    
  
  

    
    



Messi 






    

    

45





    
    
    

    





    
  
  

    
    
    

    

47





    
    



Musa 






    

    





    
  
  

    
    



Rojo 






    

    

50","Wednesday, June 25, 2014","[{""CountryTeam1"":""Argentina""},{""CountryTeam1"":""Nigeria""}]","[{""Scoredetails"":""3""},{""Scoredetails"":""4""},{""Scoredetails"":""45""},{""Scoredetails"":""47""},{""Scoredetails"":""50""}]","[{""goaldetails"":""Messi ""},{""goaldetails"":""3""},{""goaldetails"":""4""},{""goaldetails"":""Musa""},{""goaldetails"":""Messi ""},{""goaldetails"":""45""},{""goaldetails"":""47""},{""goaldetails"":""Musa""},{""goaldetails"":""Rojo ""},{""goaldetails"":""50""}]"
